"","chr","start","end","meth.diff","strand","pvalue","qvalue","TE-start","TE-end","V10","TE-strand","Target-Motif","dist-to-closest-gene","gene-start","gene-end","geneID","mRNA-start","mRNA-end","Genbank","Uniprot-Accession","Uniprot-ID","evalue","Product"
"1","NC_035780.1",8833125,8833125,60.1254480286738,"+",1.87756815984505e-15,9.11352604694824e-14,8833042,8833288,18.2,"-","Target Motif:CVA 1 272",0,8829533,8833841,"111138481",8829533,8833841,"XM_022490472.1","Q8BTK5","SMYD4_MOUSE",4e-49,"SET and MYND domain-containing protein 4-like"
"2","NC_035780.1",22177829,22177829,-51.8586936690385,"+",6.80803459919686e-29,1.66197583451533e-26,22177766,22177877,22.3,"-","Target Motif:DNA9-6_CGi 1 115",0,22144200,22228175,"111126605",22183787,22195974,"XM_022471379.1","Q9ULU4","PKCB1_HUMAN",1e-14,"uncharacterized LOC111126605"
"3","NC_035780.1",22177829,22177829,-51.8586936690385,"+",6.80803459919686e-29,1.66197583451533e-26,22177766,22177877,22.3,"-","Target Motif:DNA9-6_CGi 1 115",0,22144200,22228175,"111126605",22207238,22228175,"XM_022471397.1","Q9ULU4","PKCB1_HUMAN",1e-14,"uncharacterized LOC111126605"
"4","NC_035780.1",22177829,22177829,-51.8586936690385,"+",6.80803459919686e-29,1.66197583451533e-26,22177766,22177877,22.3,"-","Target Motif:DNA9-6_CGi 1 115",0,22144200,22228175,"111126605",22144200,22151499,"XM_022471406.1","Q9ULU4","PKCB1_HUMAN",2e-13,"uncharacterized LOC111126605"
"5","NC_035780.1",22177829,22177829,-51.8586936690385,"+",6.80803459919686e-29,1.66197583451533e-26,22177766,22177877,22.3,"-","Target Motif:DNA9-6_CGi 1 115",0,22144200,22228175,"111126605",22210805,22228175,"XM_022471388.1","Q9ULU4","PKCB1_HUMAN",1e-14,"uncharacterized LOC111126605"
"6","NC_035780.1",22177829,22177829,-51.8586936690385,"+",6.80803459919686e-29,1.66197583451533e-26,22177766,22177877,22.3,"-","Target Motif:DNA9-6_CGi 1 115",0,22144200,22228175,"111126605",22144228,22218222,"XM_022471370.1","A8GH44","PDXB_SERP5",0.44,"uncharacterized LOC111126605"
"7","NC_035780.1",22177829,22177829,-51.8586936690385,"+",6.80803459919686e-29,1.66197583451533e-26,22177766,22177877,22.3,"-","Target Motif:DNA9-6_CGi 1 115",0,22144200,22228175,"111126605",22144258,22195974,"XM_022471362.1","Q9ULU4","PKCB1_HUMAN",2e-14,"uncharacterized LOC111126605"
"8","NC_035780.1",22177829,22177829,-51.8586936690385,"+",6.80803459919686e-29,1.66197583451533e-26,22177766,22177877,22.3,"-","Target Motif:DNA9-6_CGi 1 115",0,22071505,22257650,"111126660",22071505,22257650,"XM_022471452.1","A8GH44","PDXB_SERP5",0.1,"uncharacterized LOC111126660"
"9","NC_035780.1",22177829,22177829,-51.8586936690385,"+",6.80803459919686e-29,1.66197583451533e-26,22177766,22177877,22.3,"-","Target Motif:DNA9-6_CGi 1 115",0,22071505,22257650,"111126660",22248003,22257647,"XM_022471459.1","A8GH44","PDXB_SERP5",0.11,"uncharacterized LOC111126660"
"10","NC_035780.1",57337101,57337101,-54.8387096774194,"+",2.12957401925827e-10,4.79823247989426e-09,57337042,57337128,18.6,"-","Target Motif:DNA2-2_CGi 413 498",0,57313370,57338228,"111135160",57313370,57338228,"XM_022484960.1","Q9UNS1","TIM_HUMAN",6e-14,"protein timeless homolog"
"11","NC_035780.1",57337101,57337101,-54.8387096774194,"+",2.12957401925827e-10,4.79823247989426e-09,57337042,57337128,18.6,"-","Target Motif:DNA2-2_CGi 413 498",0,57313370,57338228,"111135160",57313370,57338228,"XM_022484960.1","Q9UNS1","TIM_HUMAN",0,"protein timeless homolog"
"12","NC_035781.1",22439770,22439770,53.8431991220248,"+",7.04523840906674e-52,1.31173087853659e-48,22439740,22439796,28.1,"+","Target Motif:Mariner-6_AMi 698 754",0,22434445,22454564,"111120358",22434445,22454564,"XM_022461079.1","Q9WTV0","PREB_RAT",4e-68,"prolactin regulatory element-binding protein-like"
"13","NC_035781.1",59742650,59742650,-65.0485436893204,"+",2.11141225960939e-27,4.36073756412092e-25,59742603,59742651,4.2,"+","Target Motif:(ACTAACG)n 1 49",0,59725757,59746413,"111119574",59727725,59746413,"XM_022459863.1","Q5R754","CDKL2_PONAB",7e-158,"cyclin-dependent kinase-like 4"
"14","NC_035781.1",59742650,59742650,-65.0485436893204,"+",2.11141225960939e-27,4.36073756412092e-25,59742603,59742651,4.2,"+","Target Motif:(ACTAACG)n 1 49",0,59725757,59746413,"111119574",59727725,59744031,"XM_022459868.1","Q5R754","CDKL2_PONAB",2e-165,"cyclin-dependent kinase-like 4"
"15","NC_035781.1",59742650,59742650,-65.0485436893204,"+",2.11141225960939e-27,4.36073756412092e-25,59742603,59742651,4.2,"+","Target Motif:(ACTAACG)n 1 49",0,59725757,59746413,"111119574",59727725,59746413,"XM_022459862.1","Q5R754","CDKL2_PONAB",8e-158,"cyclin-dependent kinase-like 4"
"16","NC_035781.1",59742650,59742650,-65.0485436893204,"+",2.11141225960939e-27,4.36073756412092e-25,59742603,59742651,4.2,"+","Target Motif:(ACTAACG)n 1 49",0,59725757,59746413,"111119574",59727725,59744026,"XM_022459869.1","Q5R754","CDKL2_PONAB",1e-165,"cyclin-dependent kinase-like 4"
"17","NC_035781.1",59742650,59742650,-65.0485436893204,"+",2.11141225960939e-27,4.36073756412092e-25,59742603,59742651,4.2,"+","Target Motif:(ACTAACG)n 1 49",0,59725757,59746413,"111119574",59725757,59746412,"XM_022459867.1","Q5R754","CDKL2_PONAB",9e-157,"cyclin-dependent kinase-like 4"
"18","NC_035781.1",59742650,59742650,-65.0485436893204,"+",2.11141225960939e-27,4.36073756412092e-25,59742603,59742651,4.2,"+","Target Motif:(ACTAACG)n 1 49",0,59725757,59746413,"111119574",59727725,59746413,"XM_022459866.1","Q5R754","CDKL2_PONAB",8e-158,"cyclin-dependent kinase-like 4"
"19","NC_035781.1",59742650,59742650,-65.0485436893204,"+",2.11141225960939e-27,4.36073756412092e-25,59742603,59742651,4.2,"+","Target Motif:(ACTAACG)n 1 49",0,59725757,59746413,"111119574",59727725,59746413,"XM_022459861.1","Q5R754","CDKL2_PONAB",8e-158,"cyclin-dependent kinase-like 4"
"20","NC_035781.1",59742650,59742650,-65.0485436893204,"+",2.11141225960939e-27,4.36073756412092e-25,59742603,59742651,4.2,"+","Target Motif:(ACTAACG)n 1 49",0,59725757,59746413,"111119574",59727725,59746413,"XM_022459858.1","Q5R754","CDKL2_PONAB",1e-157,"cyclin-dependent kinase-like 4"
"21","NC_035781.1",59742650,59742650,-65.0485436893204,"+",2.11141225960939e-27,4.36073756412092e-25,59742603,59742651,4.2,"+","Target Motif:(ACTAACG)n 1 49",0,59725757,59746413,"111119574",59727725,59746413,"XM_022459864.1","Q5R754","CDKL2_PONAB",9e-158,"cyclin-dependent kinase-like 4"
"22","NC_035781.1",59742650,59742650,-65.0485436893204,"+",2.11141225960939e-27,4.36073756412092e-25,59742603,59742651,4.2,"+","Target Motif:(ACTAACG)n 1 49",0,59725757,59746413,"111119574",59727725,59746413,"XM_022459859.1","Q5R754","CDKL2_PONAB",1e-157,"cyclin-dependent kinase-like 4"
"23","NC_035781.1",59742650,59742650,-65.0485436893204,"+",2.11141225960939e-27,4.36073756412092e-25,59742603,59742651,4.2,"+","Target Motif:(ACTAACG)n 1 49",0,59725757,59746413,"111119574",59727725,59746413,"XM_022459860.1","Q5R754","CDKL2_PONAB",9e-158,"cyclin-dependent kinase-like 4"
"24","NC_035781.1",59742650,59742650,-65.0485436893204,"+",2.11141225960939e-27,4.36073756412092e-25,59742603,59742651,4.2,"+","Target Motif:(ACTAACG)n 1 49",0,59725757,59746413,"111119574",59727276,59746413,"XM_022459865.1","Q5R754","CDKL2_PONAB",4e-158,"cyclin-dependent kinase-like 4"
"25","NC_035782.1",34498894,34498894,-55.0220750551876,"+",6.09478805265885e-32,2.09447814572794e-29,34498501,34500091,24.8,"+","Target Motif:Helitron-N40_CGi 1 1569",0,34044936,34574288,"111123434",34044936,34574288,"XM_022465747.1","Q91XQ0","DYH8_MOUSE",0,"dynein heavy chain 8"
"26","NC_035782.1",34498896,34498896,-71.5532178217822,"+",2.66880814384858e-46,3.23224282580147e-43,34498501,34500091,24.8,"+","Target Motif:Helitron-N40_CGi 1 1569",0,34044936,34574288,"111123434",34044936,34574288,"XM_022465747.1","Q91XQ0","DYH8_MOUSE",0,"dynein heavy chain 8"
"27","NC_035782.1",34280755,34280755,-50.3968253968254,"+",4.87406131722199e-10,1.02731395400137e-08,34498501,34500091,24.8,"+","Target Motif:Helitron-N40_CGi 1 1569",0,34044936,34574288,"111123434",34044936,34574288,"XM_022465747.1","Q91XQ0","DYH8_MOUSE",0,"dynein heavy chain 8"
"28","NC_035782.1",45857196,45857196,52.1154543173391,"+",8.46392282619501e-52,1.55269671005455e-48,45857026,45858123,32.7,"+","Target Motif:Mariner-21_LCh 450 1999",0,45855457,45861802,"111125368",45855457,45861802,"XM_022469115.1","A5WUL3","MED22_DANRE",3e-57,"mediator of RNA polymerase II transcription subunit 22-like"
"29","NC_035782.1",53693368,53693368,61.3897051853256,"+",1.35843971280143e-30,4.02037571543722e-28,53693299,53693466,19.6,"+","Target Motif:Crypton-N6B_CGi 566 735",0,53690611,53716544,"111123982",53690691,53716544,"XM_022466774.1","O15439","MRP4_HUMAN",0,"multidrug resistance-associated protein 4-like"
"30","NC_035782.1",53693368,53693368,61.3897051853256,"+",1.35843971280143e-30,4.02037571543722e-28,53693299,53693466,19.6,"+","Target Motif:Crypton-N6B_CGi 566 735",0,53690611,53716544,"111123982",53690611,53710299,"XM_022466775.1","O15439","MRP4_HUMAN",0,"multidrug resistance-associated protein 4-like"
"31","NC_035782.1",61203971,61203971,51.4949845679012,"+",2.55039283458132e-14,1.05785293227173e-12,61203541,61204351,12.3,"-","Target Motif:CVA 1 686",0,61195838,61209507,"111124916",61195838,61209507,"XM_022468219.1","Q8NHP6","MSPD2_HUMAN",8e-86,"motile sperm domain-containing protein 2-like"
"32","NC_035783.1",4336101,4336101,63.7449079926956,"+",2.09542331969692e-26,3.8753744304438e-24,4335884,4336135,21.8,"+","Target Motif:DNA8-4_CGi 42 268",0,4306273,4347457,"111130622",4306273,4347457,"XM_022477788.1","Q8CG46","SMC5_MOUSE",0,"structural maintenance of chromosomes protein 5-like"
"33","NC_035783.1",23130126,23130126,53.9158950617284,"+",2.29193775899788e-23,3.04157700812679e-21,23130086,23130209,18.6,"+","Target Motif:Crypton-8N1_CGi 516 639",0,23124581,23134715,"111131769",23124581,23134715,"XM_022479473.1","Q75VW3","DNAJ_HYDTT",2e-13,"dnaJ-like protein MG002 homolog"
"34","NC_035783.1",23130126,23130126,53.9158950617284,"+",2.29193775899788e-23,3.04157700812679e-21,23130086,23130209,18.6,"+","Target Motif:Crypton-8N1_CGi 516 639",0,23124581,23134715,"111131769",23124664,23134715,"XM_022479471.1","Q75VW3","DNAJ_HYDTT",2e-13,"dnaJ-like protein MG002 homolog"
"35","NC_035783.1",23130126,23130126,53.9158950617284,"+",2.29193775899788e-23,3.04157700812679e-21,23130086,23130209,18.6,"+","Target Motif:Crypton-8N1_CGi 516 639",0,23124581,23134715,"111131769",23124664,23133050,"XM_022479474.1","B7KEJ8","DNAJ_CYAP7",1e-08,"dnaJ-like protein MG002 homolog"
"36","NC_035783.1",23130126,23130126,53.9158950617284,"+",2.29193775899788e-23,3.04157700812679e-21,23130086,23130209,18.6,"+","Target Motif:Crypton-8N1_CGi 516 639",0,23124581,23134715,"111131769",23124664,23134674,"XM_022479472.1","Q75VW3","DNAJ_HYDTT",1e-13,"dnaJ-like protein MG002 homolog"
"37","NC_035783.1",29749415,29749415,57.6054041462847,"+",7.89733540227734e-16,4.02350296172505e-14,29749359,29749442,10.7,"+","Target Motif:ISL2EU-8_CGi 4977 5060",0,29743531,29751155,"111131400",29743531,29751155,"XM_022478901.1","Q7TQC7","GPTC2_MOUSE",2e-15,"G patch domain-containing protein 2-like"
"38","NC_035783.1",32417239,32417239,-60.569157151176,"+",1.99943770500168e-62,9.41208529951863e-59,32417040,32417268,14.7,"-","Target Motif:BivaMD-SINE1_CrVi 2 319",0,32411180,32424850,"111128909",32411180,32424850,"XM_022474862.1","Q8BRK9","MA2A2_MOUSE",0,"alpha-mannosidase 2-like"
"39","NC_035783.1",46125339,46125339,51.7758631376681,"+",4.32890841528329e-29,1.08002110958293e-26,46125305,46125481,20.4,"+","Target Motif:hAT-6N1_CGi 1 168",0,45940856,46144490,"111127729",45940856,46144490,"XM_022472963.1","Q9YHY6","CND1_XENLA",0,"condensin complex subunit 1-like"
"40","NC_035783.1",46125339,46125339,51.7758631376681,"+",4.32890841528329e-29,1.08002110958293e-26,46125305,46125481,20.4,"+","Target Motif:hAT-6N1_CGi 1 168",0,45940856,46144490,"111127729",45940856,46144490,"XM_022472961.1","Q9YHY6","CND1_XENLA",0,"condensin complex subunit 1-like"
"41","NC_035783.1",46125339,46125339,51.7758631376681,"+",4.32890841528329e-29,1.08002110958293e-26,46125305,46125481,20.4,"+","Target Motif:hAT-6N1_CGi 1 168",0,45940856,46144490,"111127729",45940856,46144457,"XM_022472962.1","Q9YHY6","CND1_XENLA",0,"condensin complex subunit 1-like"
"42","NC_035783.1",48434287,48434287,-53.4230944774076,"+",3.55123914593024e-41,2.75155307255352e-38,48434172,48434360,26.1,"-","Target Motif:DNA3-11_CGi 1856 2040",0,48398662,48467690,"111130052",48398850,48467690,"XM_022476713.1","Q8IVE3","PKHH2_HUMAN",0,"pleckstrin homology domain-containing family H member 1-like"
"43","NC_035783.1",48434287,48434287,-53.4230944774076,"+",3.55123914593024e-41,2.75155307255352e-38,48434172,48434360,26.1,"-","Target Motif:DNA3-11_CGi 1856 2040",0,48398662,48467690,"111130052",48408670,48467690,"XM_022476714.1","Q8IVE3","PKHH2_HUMAN",0,"pleckstrin homology domain-containing family H member 1-like"
"44","NC_035783.1",48434287,48434287,-53.4230944774076,"+",3.55123914593024e-41,2.75155307255352e-38,48434172,48434360,26.1,"-","Target Motif:DNA3-11_CGi 1856 2040",0,48398662,48467690,"111130052",48408670,48467690,"XM_022476714.1","Q8IVE3","PKHH2_HUMAN",1e-08,"pleckstrin homology domain-containing family H member 1-like"
"45","NC_035783.1",48434287,48434287,-53.4230944774076,"+",3.55123914593024e-41,2.75155307255352e-38,48434172,48434360,26.1,"-","Target Motif:DNA3-11_CGi 1856 2040",0,48398662,48467690,"111130052",48398662,48467690,"XM_022476711.1","Q00IB7","PKHH1_DANRE",0,"pleckstrin homology domain-containing family H member 1-like"
"46","NC_035783.1",48434287,48434287,-53.4230944774076,"+",3.55123914593024e-41,2.75155307255352e-38,48434172,48434360,26.1,"-","Target Motif:DNA3-11_CGi 1856 2040",0,48398662,48467690,"111130052",48398850,48467690,"XM_022476708.1","Q00IB7","PKHH1_DANRE",4e-22,"pleckstrin homology domain-containing family H member 1-like"
"47","NC_035783.1",48434287,48434287,-53.4230944774076,"+",3.55123914593024e-41,2.75155307255352e-38,48434172,48434360,26.1,"-","Target Motif:DNA3-11_CGi 1856 2040",0,48398662,48467690,"111130052",48398662,48467690,"XM_022476711.1","Q00IB7","PKHH1_DANRE",4e-22,"pleckstrin homology domain-containing family H member 1-like"
"48","NC_035783.1",48434287,48434287,-53.4230944774076,"+",3.55123914593024e-41,2.75155307255352e-38,48434172,48434360,26.1,"-","Target Motif:DNA3-11_CGi 1856 2040",0,48398662,48467690,"111130052",48404012,48467690,"XM_022476712.1","Q00IB7","PKHH1_DANRE",4e-22,"pleckstrin homology domain-containing family H member 1-like"
"49","NC_035783.1",48434287,48434287,-53.4230944774076,"+",3.55123914593024e-41,2.75155307255352e-38,48434172,48434360,26.1,"-","Target Motif:DNA3-11_CGi 1856 2040",0,48398662,48467690,"111130052",48404012,48467690,"XM_022476712.1","Q00IB7","PKHH1_DANRE",0,"pleckstrin homology domain-containing family H member 1-like"
"50","NC_035783.1",48434287,48434287,-53.4230944774076,"+",3.55123914593024e-41,2.75155307255352e-38,48434172,48434360,26.1,"-","Target Motif:DNA3-11_CGi 1856 2040",0,48398662,48467690,"111130052",48398850,48467690,"XM_022476708.1","Q00IB7","PKHH1_DANRE",0,"pleckstrin homology domain-containing family H member 1-like"
"51","NC_035783.1",48434287,48434287,-53.4230944774076,"+",3.55123914593024e-41,2.75155307255352e-38,48434172,48434360,26.1,"-","Target Motif:DNA3-11_CGi 1856 2040",0,48398662,48467690,"111130052",48422316,48467690,"XM_022476715.1","Q00IB7","PKHH1_DANRE",0,"pleckstrin homology domain-containing family H member 1-like"
"52","NC_035783.1",48434287,48434287,-53.4230944774076,"+",3.55123914593024e-41,2.75155307255352e-38,48434172,48434360,26.1,"-","Target Motif:DNA3-11_CGi 1856 2040",0,48398662,48467690,"111130052",48401852,48467690,"XM_022476709.1","Q00IB7","PKHH1_DANRE",0,"pleckstrin homology domain-containing family H member 1-like"
"53","NC_035783.1",48434287,48434287,-53.4230944774076,"+",3.55123914593024e-41,2.75155307255352e-38,48434172,48434360,26.1,"-","Target Motif:DNA3-11_CGi 1856 2040",0,48398662,48467690,"111130052",48401852,48467690,"XM_022476709.1","Q00IB7","PKHH1_DANRE",4e-22,"pleckstrin homology domain-containing family H member 1-like"
"54","NC_035783.1",48434287,48434287,-53.4230944774076,"+",3.55123914593024e-41,2.75155307255352e-38,48434172,48434360,26.1,"-","Target Motif:DNA3-11_CGi 1856 2040",0,48398662,48467690,"111130052",48398850,48467690,"XM_022476713.1","Q8IVE3","PKHH2_HUMAN",4e-20,"pleckstrin homology domain-containing family H member 1-like"
"55","NC_035783.1",48434287,48434287,-53.4230944774076,"+",3.55123914593024e-41,2.75155307255352e-38,48434172,48434360,26.1,"-","Target Motif:DNA3-11_CGi 1856 2040",0,48398662,48467690,"111130052",48422316,48467690,"XM_022476715.1","Q00IB7","PKHH1_DANRE",3e-07,"pleckstrin homology domain-containing family H member 1-like"
"56","NC_035783.1",49079097,49079097,-50.7701692847339,"+",3.39956632997307e-11,8.80015747278619e-10,49079034,49079097,23.4,"-","Target Motif:DNA2-5_CGi 12 78",0,49066339,49113886,"111129310",49066339,49113886,"XM_022475599.1","Q9FN03","UVR8_ARATH",7e-16,"uncharacterized LOC111129310"
"57","NC_035783.1",49079097,49079097,-50.7701692847339,"+",3.39956632997307e-11,8.80015747278619e-10,49079034,49079097,23.4,"-","Target Motif:DNA2-5_CGi 12 78",0,49066339,49113886,"111129310",49066339,49113886,"XM_022475599.1","Q9FN03","UVR8_ARATH",2e-04,"uncharacterized LOC111129310"
"58","NC_035783.1",49079097,49079097,-50.7701692847339,"+",3.39956632997307e-11,8.80015747278619e-10,49079034,49079097,23.4,"-","Target Motif:DNA2-5_CGi 12 78",0,49066339,49113886,"111129310",49066339,49113886,"XM_022475599.1","Q9FN03","UVR8_ARATH",3e-08,"uncharacterized LOC111129310"
"59","NC_035783.1",49079097,49079097,-50.7701692847339,"+",3.39956632997307e-11,8.80015747278619e-10,49079034,49079097,23.4,"-","Target Motif:DNA2-5_CGi 12 78",0,49066339,49113886,"111129310",49066339,49113886,"XM_022475599.1","Q9FN03","UVR8_ARATH",1e-32,"uncharacterized LOC111129310"
"60","NC_035783.1",49079097,49079097,-50.7701692847339,"+",3.39956632997307e-11,8.80015747278619e-10,49079034,49079097,23.4,"-","Target Motif:DNA2-5_CGi 12 78",0,49066339,49113886,"111129310",49066339,49113886,"XM_022475599.1","Q9FN03","UVR8_ARATH",5e-30,"uncharacterized LOC111129310"
"61","NC_035784.1",2340024,2340024,-55.6345952897677,"+",1.5659973466667e-61,6.85440896045747e-58,2338061,2338146,22.1,"-","Target Motif:DNA2-3_CGi 133 218",0,2337755,2374062,"111136051",2337755,2374062,"XM_022486627.1","O08662","PI4KA_RAT",0,"phosphatidylinositol 4-kinase alpha-like"
"62","NC_035784.1",2338124,2338124,-53.4511240393593,"+",6.30449528725743e-23,7.91600944382827e-21,2338061,2338146,22.1,"-","Target Motif:DNA2-3_CGi 133 218",0,2337755,2374062,"111136051",2337755,2374062,"XM_022486627.1","O08662","PI4KA_RAT",0,"phosphatidylinositol 4-kinase alpha-like"
"63","NC_035784.1",2350202,2350202,-55.8613556159494,"+",3.92431863085327e-53,8.44034345512814e-50,2338061,2338146,22.1,"-","Target Motif:DNA2-3_CGi 133 218",0,2337755,2374062,"111136051",2337755,2374062,"XM_022486627.1","O08662","PI4KA_RAT",0,"phosphatidylinositol 4-kinase alpha-like"
"64","NC_035784.1",3040123,3040123,50.1308933790825,"+",1.89459273127565e-24,2.81526328777828e-22,3039885,3040183,15.4,"-","Target Motif:BivaMD-SINE1_CrVi 9 336",0,3032735,3044262,"111132180",3032735,3044262,"XM_022479951.1","Q5XLR4","BORE1_DANRE",1e-04,"borealin-like"
"65","NC_035784.1",8331781,8331781,-51.0925855753442,"+",4.39992828947472e-13,1.53159419375145e-11,8331167,8331872,36.4,"-","Target Motif:DNA6-1_CQ 876 1347",0,8329867,8338603,"111135544",8329867,8338601,"XM_022485697.1","Q99M15","PPIP2_MOUSE",1e-26,"proline-serine-threonine phosphatase-interacting protein 2-like"
"66","NC_035784.1",8331781,8331781,-51.0925855753442,"+",4.39992828947472e-13,1.53159419375145e-11,8331167,8331872,36.4,"-","Target Motif:DNA6-1_CQ 876 1347",0,8329867,8338603,"111135544",8329867,8338603,"XM_022485696.1","P97814","PPIP1_MOUSE",3e-28,"proline-serine-threonine phosphatase-interacting protein 2-like"
"67","NC_035784.1",8331781,8331781,-51.0925855753442,"+",4.39992828947472e-13,1.53159419375145e-11,8331258,8332135,31.9,"-","Target Motif:SAT-17_SSa 332 1305",0,8329867,8338603,"111135544",8329867,8338601,"XM_022485697.1","Q99M15","PPIP2_MOUSE",1e-26,"proline-serine-threonine phosphatase-interacting protein 2-like"
"68","NC_035784.1",8331781,8331781,-51.0925855753442,"+",4.39992828947472e-13,1.53159419375145e-11,8331258,8332135,31.9,"-","Target Motif:SAT-17_SSa 332 1305",0,8329867,8338603,"111135544",8329867,8338603,"XM_022485696.1","P97814","PPIP1_MOUSE",3e-28,"proline-serine-threonine phosphatase-interacting protein 2-like"
"69","NC_035784.1",14247056,14247056,-59.9587912087912,"+",1.03941439629074e-20,9.89030959938937e-19,14246975,14247108,9.8,"-","Target Motif:CVE 3 143",0,14218676,14257154,"111134058",14218676,14257154,"XM_022482847.1","A2AX52","CO6A4_MOUSE",3e-20,"uncharacterized LOC111134058"
"70","NC_035784.1",14247056,14247056,-59.9587912087912,"+",1.03941439629074e-20,9.89030959938937e-19,14246975,14247108,9.8,"-","Target Motif:CVE 3 143",0,14218676,14257154,"111134058",14218676,14257154,"XM_022482847.1","A2AX52","CO6A4_MOUSE",9e-13,"uncharacterized LOC111134058"
"71","NC_035784.1",14247056,14247056,-59.9587912087912,"+",1.03941439629074e-20,9.89030959938937e-19,14246975,14247108,9.8,"-","Target Motif:CVE 3 143",0,14218676,14257154,"111134058",14218676,14257154,"XM_022482847.1","A2AX52","CO6A4_MOUSE",2e-28,"uncharacterized LOC111134058"
"72","NC_035784.1",14247056,14247056,-59.9587912087912,"+",1.03941439629074e-20,9.89030959938937e-19,14246975,14247108,9.8,"-","Target Motif:CVE 3 143",0,14218676,14257154,"111134058",14218676,14257154,"XM_022482847.1","A2AX52","CO6A4_MOUSE",4e-12,"uncharacterized LOC111134058"
"73","NC_035784.1",14247056,14247056,-59.9587912087912,"+",1.03941439629074e-20,9.89030959938937e-19,14246975,14247108,9.8,"-","Target Motif:CVE 3 143",0,14218676,14257154,"111134058",14218676,14257154,"XM_022482847.1","A2AX52","CO6A4_MOUSE",1e-19,"uncharacterized LOC111134058"
"74","NC_035784.1",14247056,14247056,-59.9587912087912,"+",1.03941439629074e-20,9.89030959938937e-19,14246975,14247108,9.8,"-","Target Motif:CVE 3 143",0,14218676,14257154,"111134058",14218676,14257154,"XM_022482847.1","A2AX52","CO6A4_MOUSE",1e-62,"uncharacterized LOC111134058"
"75","NC_035784.1",14247056,14247056,-59.9587912087912,"+",1.03941439629074e-20,9.89030959938937e-19,14246975,14247108,9.8,"-","Target Motif:CVE 3 143",0,14218676,14257154,"111134058",14218676,14257154,"XM_022482847.1","A2AX52","CO6A4_MOUSE",8e-06,"uncharacterized LOC111134058"
"76","NC_035784.1",14247056,14247056,-59.9587912087912,"+",1.03941439629074e-20,9.89030959938937e-19,14246975,14247108,9.8,"-","Target Motif:CVE 3 143",0,14218676,14257154,"111134058",14218676,14257154,"XM_022482847.1","A2AX52","CO6A4_MOUSE",1e-48,"uncharacterized LOC111134058"
"77","NC_035784.1",14247056,14247056,-59.9587912087912,"+",1.03941439629074e-20,9.89030959938937e-19,14246975,14247108,9.8,"-","Target Motif:CVE 3 143",0,14218676,14257154,"111134058",14218676,14257154,"XM_022482847.1","A2AX52","CO6A4_MOUSE",1e-82,"uncharacterized LOC111134058"
"78","NC_035784.1",14247056,14247056,-59.9587912087912,"+",1.03941439629074e-20,9.89030959938937e-19,14246975,14247108,9.8,"-","Target Motif:CVE 3 143",0,14218676,14257154,"111134058",14218676,14257154,"XM_022482847.1","A2AX52","CO6A4_MOUSE",7e-63,"uncharacterized LOC111134058"
"79","NC_035784.1",21869175,21869175,51.7746913580247,"+",1.13766257142529e-20,1.07717607061306e-18,21869166,21870001,25.1,"+","Target Motif:Helitron-N43_CGi 1 849",0,21868572,21910081,"111138013",21886317,21910081,"XM_022489767.1","P54254","ATX1_MOUSE",6e-46,"uncharacterized LOC111138013"
"80","NC_035784.1",21869175,21869175,51.7746913580247,"+",1.13766257142529e-20,1.07717607061306e-18,21869166,21870001,25.1,"+","Target Motif:Helitron-N43_CGi 1 849",0,21868572,21910081,"111138013",21895138,21910081,"XM_022489761.1","P54254","ATX1_MOUSE",6e-46,"uncharacterized LOC111138013"
"81","NC_035784.1",21869175,21869175,51.7746913580247,"+",1.13766257142529e-20,1.07717607061306e-18,21869166,21870001,25.1,"+","Target Motif:Helitron-N43_CGi 1 849",0,21868572,21910081,"111138013",21882853,21910081,"XM_022489760.1","P54254","ATX1_MOUSE",7e-46,"uncharacterized LOC111138013"
"82","NC_035784.1",21869175,21869175,51.7746913580247,"+",1.13766257142529e-20,1.07717607061306e-18,21869166,21870001,25.1,"+","Target Motif:Helitron-N43_CGi 1 849",0,21868572,21910081,"111138013",21894128,21910081,"XM_022489765.1","P54254","ATX1_MOUSE",6e-46,"uncharacterized LOC111138013"
"83","NC_035784.1",21869175,21869175,51.7746913580247,"+",1.13766257142529e-20,1.07717607061306e-18,21869166,21870001,25.1,"+","Target Motif:Helitron-N43_CGi 1 849",0,21868572,21910081,"111138013",21882854,21910081,"XM_022489764.1","P54254","ATX1_MOUSE",7e-46,"uncharacterized LOC111138013"
"84","NC_035784.1",21869175,21869175,51.7746913580247,"+",1.13766257142529e-20,1.07717607061306e-18,21869166,21870001,25.1,"+","Target Motif:Helitron-N43_CGi 1 849",0,21868572,21910081,"111138013",21898124,21910081,"XM_022489759.1","P54254","ATX1_MOUSE",6e-46,"uncharacterized LOC111138013"
"85","NC_035784.1",21869175,21869175,51.7746913580247,"+",1.13766257142529e-20,1.07717607061306e-18,21869166,21870001,25.1,"+","Target Motif:Helitron-N43_CGi 1 849",0,21868572,21910081,"111138013",21896848,21910081,"XM_022489766.1","P54254","ATX1_MOUSE",6e-46,"uncharacterized LOC111138013"
"86","NC_035784.1",21869175,21869175,51.7746913580247,"+",1.13766257142529e-20,1.07717607061306e-18,21869166,21870001,25.1,"+","Target Motif:Helitron-N43_CGi 1 849",0,21868572,21910081,"111138013",21868572,21910081,"XM_022489763.1","P54254","ATX1_MOUSE",6e-46,"uncharacterized LOC111138013"
"87","NC_035784.1",25138821,25138821,50.0147928994083,"+",7.6086972418233e-18,5.08790391070383e-16,25138764,25138834,18.3,"-","Target Motif:hAT6-2_SP 485 557",0,25137527,25159456,"111099112",25137527,25159456,"XM_022430481.1","Q1RMK1","FA92B_BOVIN",9e-47,"zinc finger and BTB domain-containing protein 41-like"
"88","NC_035784.1",25138821,25138821,50.0147928994083,"+",7.6086972418233e-18,5.08790391070383e-16,25138786,25138849,15.9,"-","Target Motif:hAT-2_HM 279 341",0,25137527,25159456,"111099112",25137527,25159456,"XM_022430481.1","Q1RMK1","FA92B_BOVIN",9e-47,"zinc finger and BTB domain-containing protein 41-like"
"89","NC_035784.1",26800340,26800340,66.6223908918406,"+",2.74201242216758e-23,3.62344166891098e-21,26800290,26800474,28,"-","Target Motif:DNA-20_CGi 1 172",0,26784993,26800712,"111133596",26784993,26800712,"XM_022482105.1","P87362","BLMH_CHICK",8e-177,"bleomycin hydrolase-like"
"90","NC_035784.1",53991052,53991052,-51.7628790646693,"+",2.42373702540578e-20,2.19890592638609e-18,53991873,53992108,30.8,"+","Target Motif:DNA2-2_CGi 1 236",0,53976716,54005868,"111132857",53976716,54005868,"XM_022480757.1","Q7KZ85","SPT6H_HUMAN",0,"transcription elongation factor SPT6-like"
"91","NC_035784.1",53995724,53995724,-55.8517390200558,"+",3.33217976108153e-28,7.62004468311169e-26,53991873,53992108,30.8,"+","Target Motif:DNA2-2_CGi 1 236",0,53976716,54005868,"111132857",53976716,54005868,"XM_022480757.1","Q7KZ85","SPT6H_HUMAN",0,"transcription elongation factor SPT6-like"
"92","NC_035784.1",53991915,53991915,-52.5070290534208,"+",1.66935392876843e-16,9.29452769861348e-15,53991873,53992108,30.8,"+","Target Motif:DNA2-2_CGi 1 236",0,53976716,54005868,"111132857",53976716,54005565,"XM_022480756.1","Q7KZ85","SPT6H_HUMAN",0,"transcription elongation factor SPT6-like"
"93","NC_035784.1",53995724,53995724,-55.8517390200558,"+",3.33217976108153e-28,7.62004468311169e-26,53991873,53992108,30.8,"+","Target Motif:DNA2-2_CGi 1 236",0,53976716,54005868,"111132857",53976716,54005565,"XM_022480756.1","Q7KZ85","SPT6H_HUMAN",0,"transcription elongation factor SPT6-like"
"94","NC_035784.1",53991915,53991915,-52.5070290534208,"+",1.66935392876843e-16,9.29452769861348e-15,53991873,53992108,30.8,"+","Target Motif:DNA2-2_CGi 1 236",0,53976716,54005868,"111132857",53976716,54005868,"XM_022480757.1","Q7KZ85","SPT6H_HUMAN",0,"transcription elongation factor SPT6-like"
"95","NC_035784.1",53991052,53991052,-51.7628790646693,"+",2.42373702540578e-20,2.19890592638609e-18,53991873,53992108,30.8,"+","Target Motif:DNA2-2_CGi 1 236",0,53976716,54005868,"111132857",53976716,54005565,"XM_022480756.1","Q7KZ85","SPT6H_HUMAN",0,"transcription elongation factor SPT6-like"
"96","NC_035784.1",57163871,57163871,-63.7755102040816,"+",1.35008494999503e-19,1.11793308882552e-17,57163820,57163967,27.4,"+","Target Motif:BivaMD-SINE1_CrVi 179 325",0,57162759,57168910,"111099115",57162759,57168910,"XM_022430483.1","Q969N2","PIGT_HUMAN",1e-156,"GPI transamidase component PIG-T-like"
"97","NC_035784.1",75291847,75291847,-75.6345177664975,"+",1.2178781526645e-42,1.08906420207973e-39,75291801,75291918,12.8,"+","Target Motif:Helitron-27_CGi 1 133",0,75269145,75335182,"111134646",75269145,75335182,"XM_022483877.1","P49746","TSP3_HUMAN",3e-131,"uncharacterized LOC111134646"
"98","NC_035784.1",75314858,75314858,-51.8969794250693,"+",3.88168413132208e-29,9.74288674326729e-27,75291801,75291918,12.8,"+","Target Motif:Helitron-27_CGi 1 133",0,75269145,75335182,"111134646",75269145,75335182,"XM_022483877.1","P49746","TSP3_HUMAN",3e-131,"uncharacterized LOC111134646"
"99","NC_035784.1",75291847,75291847,-75.6345177664975,"+",1.2178781526645e-42,1.08906420207973e-39,75291801,75291918,12.8,"+","Target Motif:Helitron-27_CGi 1 133",0,75269145,75335182,"111134646",75278462,75335182,"XM_022483878.1","P49746","TSP3_HUMAN",3e-131,"uncharacterized LOC111134646"
"100","NC_035784.1",75314858,75314858,-51.8969794250693,"+",3.88168413132208e-29,9.74288674326729e-27,75291801,75291918,12.8,"+","Target Motif:Helitron-27_CGi 1 133",0,75269145,75335182,"111134646",75278462,75335182,"XM_022483878.1","P49746","TSP3_HUMAN",3e-131,"uncharacterized LOC111134646"
"101","NC_035784.1",76218383,76218383,63.8339920948617,"+",5.35528077919722e-25,8.42959725773957e-23,76218144,76218420,15.3,"-","Target Motif:BivaMD-SINE1_CrVi 1 283",0,76212133,76220093,"111138362",76212133,76220093,"XM_022490290.1","Q15696","U2AFM_HUMAN",7e-66,"U2 small nuclear ribonucleoprotein auxiliary factor 35 kDa subunit-related protein 2-like"
"102","NC_035784.1",91582933,91582933,-53.8045112781955,"+",4.0289322734019e-20,3.57333786257541e-18,91582644,91582995,32.6,"+","Target Motif:Helitron-N16B_CGi 63 402",0,91574915,91584275,"111135526",91574915,91581297,"XM_022485675.1","P23919","KTHY_HUMAN",1e-62,"thymidylate kinase-like"
"103","NC_035784.1",91582933,91582933,-53.8045112781955,"+",4.0289322734019e-20,3.57333786257541e-18,91582644,91582995,32.6,"+","Target Motif:Helitron-N16B_CGi 63 402",0,91574915,91584275,"111135526",91574915,91584275,"XM_022485674.1","P23919","KTHY_HUMAN",2e-65,"thymidylate kinase-like"
"104","NC_035784.1",94932868,94932868,51.7418394137701,"+",3.89416623224716e-23,5.04704990485111e-21,94932850,94933335,26.8,"+","Target Motif:Helitron-N43_CGi 1 503",0,94929877,95024359,"111134737",94936009,95024359,"XM_022484064.1","P49701","VDR_COTJA",3e-39,"nuclear hormone receptor HR96-like"
"105","NC_035784.1",94932868,94932868,51.7418394137701,"+",3.89416623224716e-23,5.04704990485111e-21,94932850,94933335,26.8,"+","Target Motif:Helitron-N43_CGi 1 503",0,94929877,95024359,"111134737",94984627,95024354,"XM_022484071.1","P49701","VDR_COTJA",2e-39,"nuclear hormone receptor HR96-like"
"106","NC_035784.1",94932868,94932868,51.7418394137701,"+",3.89416623224716e-23,5.04704990485111e-21,94932850,94933335,26.8,"+","Target Motif:Helitron-N43_CGi 1 503",0,94929877,95024359,"111134737",94980660,95024359,"XM_022484074.1","P49701","VDR_COTJA",2e-39,"nuclear hormone receptor HR96-like"
"107","NC_035784.1",94932868,94932868,51.7418394137701,"+",3.89416623224716e-23,5.04704990485111e-21,94932850,94933335,26.8,"+","Target Motif:Helitron-N43_CGi 1 503",0,94929877,95024359,"111134737",94929877,95024359,"XM_022484073.1","P49701","VDR_COTJA",3e-39,"nuclear hormone receptor HR96-like"
"108","NC_035784.1",94932868,94932868,51.7418394137701,"+",3.89416623224716e-23,5.04704990485111e-21,94932850,94933335,26.8,"+","Target Motif:Helitron-N43_CGi 1 503",0,94929877,95024359,"111134737",94977373,95024359,"XM_022484070.1","P49701","VDR_COTJA",3e-39,"nuclear hormone receptor HR96-like"
"109","NC_035784.1",94932868,94932868,51.7418394137701,"+",3.89416623224716e-23,5.04704990485111e-21,94932850,94933335,26.8,"+","Target Motif:Helitron-N43_CGi 1 503",0,94929877,95024359,"111134737",94952690,95024359,"XM_022484068.1","P49701","VDR_COTJA",2e-39,"nuclear hormone receptor HR96-like"
"110","NC_035784.1",94932868,94932868,51.7418394137701,"+",3.89416623224716e-23,5.04704990485111e-21,94932850,94933335,26.8,"+","Target Motif:Helitron-N43_CGi 1 503",0,94929877,95024359,"111134737",95014378,95024359,"XM_022484076.1","P49701","VDR_COTJA",3e-39,"nuclear hormone receptor HR96-like"
"111","NC_035784.1",94932868,94932868,51.7418394137701,"+",3.89416623224716e-23,5.04704990485111e-21,94932850,94933335,26.8,"+","Target Motif:Helitron-N43_CGi 1 503",0,94929877,95024359,"111134737",95002124,95024359,"XM_022484063.1","P49701","VDR_COTJA",5e-39,"nuclear hormone receptor HR96-like"
"112","NC_035784.1",94932868,94932868,51.7418394137701,"+",3.89416623224716e-23,5.04704990485111e-21,94932850,94933335,26.8,"+","Target Motif:Helitron-N43_CGi 1 503",0,94929877,95024359,"111134737",94955328,95024359,"XM_022484075.1","P49701","VDR_COTJA",2e-39,"nuclear hormone receptor HR96-like"
"113","NC_035784.1",94932868,94932868,51.7418394137701,"+",3.89416623224716e-23,5.04704990485111e-21,94932850,94933335,26.8,"+","Target Motif:Helitron-N43_CGi 1 503",0,94929877,95024359,"111134737",94936011,95024359,"XM_022484069.1","P49701","VDR_COTJA",3e-39,"nuclear hormone receptor HR96-like"
"114","NC_035784.1",94932868,94932868,51.7418394137701,"+",3.89416623224716e-23,5.04704990485111e-21,94932850,94933335,26.8,"+","Target Motif:Helitron-N43_CGi 1 503",0,94929877,95024359,"111134737",94936009,95024359,"XM_022484067.1","P49701","VDR_COTJA",3e-39,"nuclear hormone receptor HR96-like"
"115","NC_035784.1",94932868,94932868,51.7418394137701,"+",3.89416623224716e-23,5.04704990485111e-21,94932850,94933335,26.8,"+","Target Motif:Helitron-N43_CGi 1 503",0,94929877,95024359,"111134737",94972610,95024354,"XM_022484072.1","P49701","VDR_COTJA",2e-39,"nuclear hormone receptor HR96-like"
"116","NC_035785.1",35798192,35798192,-52.6616729522585,"+",4.00538755796487e-50,6.53141019722262e-47,35798180,35798247,31.6,"+","Target Motif:GA-rich 1 68",0,35793738,35807106,"111101447",35793738,35807106,"XM_022433937.1","Q9NLA3","ANO39_PATPE",4e-19,"nucleoplasmin-like protein ANO39"
"117","NC_035785.1",35798192,35798192,-52.6616729522585,"+",4.00538755796487e-50,6.53141019722262e-47,35798180,35798247,31.6,"+","Target Motif:GA-rich 1 68",0,35793738,35807106,"111101447",35793738,35807106,"XM_022433936.1","Q9NLA3","ANO39_PATPE",4e-19,"nucleoplasmin-like protein ANO39"
"118","NC_035787.1",54271742,54271742,-58.2417582417582,"+",9.33390916375267e-11,2.24433381702109e-09,54271555,54271748,21.8,"-","Target Motif:DNA9-4_CGi 768 961",0,54247634,54275236,"111107765",54247634,54275236,"XM_022443110.1","Q2KI00","F107B_BOVIN",1e-06,"protein FAM107B-like"
"119","NC_035787.1",54271742,54271742,-58.2417582417582,"+",9.33390916375267e-11,2.24433381702109e-09,54271555,54271748,21.8,"-","Target Motif:DNA9-4_CGi 768 961",0,54247634,54275236,"111107765",54261596,54275236,"XM_022443112.1","Q2KI00","F107B_BOVIN",2e-06,"protein FAM107B-like"
"120","NC_035787.1",54271742,54271742,-58.2417582417582,"+",9.33390916375267e-11,2.24433381702109e-09,54271555,54271748,21.8,"-","Target Motif:DNA9-4_CGi 768 961",0,54247634,54275236,"111107765",54256958,54275236,"XM_022443111.1","Q2KI00","F107B_BOVIN",3e-06,"protein FAM107B-like"
"121","NC_035787.1",56264363,56264363,63.0371297455152,"+",8.08610030400708e-11,1.96474915461429e-09,56241986,56242024,27.6,"+","Target Motif:(CCA)n 1 39",0,56224028,56287563,"111106119",56224028,56287558,"XM_022440663.1","P11881","ITPR1_MOUSE",0,"inositol 1"
"122","NC_035787.1",56242011,56242011,-51.1975694262166,"+",5.07577925254444e-56,1.34718959206086e-52,56241986,56242024,27.6,"+","Target Motif:(CCA)n 1 39",0,56224028,56287563,"111106119",56224286,56287563,"XM_022440662.1","P11881","ITPR1_MOUSE",0,"inositol 1"
"123","NC_035787.1",56264363,56264363,63.0371297455152,"+",8.08610030400708e-11,1.96474915461429e-09,56241986,56242024,27.6,"+","Target Motif:(CCA)n 1 39",0,56224028,56287563,"111106119",56224028,56287561,"XM_022440655.1","P11881","ITPR1_MOUSE",0,"inositol 1"
"124","NC_035787.1",56264363,56264363,63.0371297455152,"+",8.08610030400708e-11,1.96474915461429e-09,56241986,56242024,27.6,"+","Target Motif:(CCA)n 1 39",0,56224028,56287563,"111106119",56224286,56287563,"XM_022440662.1","P11881","ITPR1_MOUSE",0,"inositol 1"
"125","NC_035787.1",56242011,56242011,-51.1975694262166,"+",5.07577925254444e-56,1.34718959206086e-52,56241986,56242024,27.6,"+","Target Motif:(CCA)n 1 39",0,56224028,56287563,"111106119",56224028,56287561,"XM_022440656.1","P11881","ITPR1_MOUSE",0,"inositol 1"
"126","NC_035787.1",56242011,56242011,-51.1975694262166,"+",5.07577925254444e-56,1.34718959206086e-52,56241986,56242024,27.6,"+","Target Motif:(CCA)n 1 39",0,56224028,56287563,"111106119",56224028,56287558,"XM_022440663.1","P11881","ITPR1_MOUSE",0,"inositol 1"
"127","NC_035787.1",56242011,56242011,-51.1975694262166,"+",5.07577925254444e-56,1.34718959206086e-52,56241986,56242024,27.6,"+","Target Motif:(CCA)n 1 39",0,56224028,56287563,"111106119",56224028,56287560,"XM_022440665.1","P11881","ITPR1_MOUSE",0,"inositol 1"
"128","NC_035787.1",56242011,56242011,-51.1975694262166,"+",5.07577925254444e-56,1.34718959206086e-52,56241986,56242024,27.6,"+","Target Motif:(CCA)n 1 39",0,56224028,56287563,"111106119",56224028,56287561,"XM_022440661.1","P11881","ITPR1_MOUSE",0,"inositol 1"
"129","NC_035787.1",56242011,56242011,-51.1975694262166,"+",5.07577925254444e-56,1.34718959206086e-52,56241986,56242024,27.6,"+","Target Motif:(CCA)n 1 39",0,56224028,56287563,"111106119",56224028,56287561,"XM_022440654.1","P11881","ITPR1_MOUSE",0,"inositol 1"
"130","NC_035787.1",56264363,56264363,63.0371297455152,"+",8.08610030400708e-11,1.96474915461429e-09,56241986,56242024,27.6,"+","Target Motif:(CCA)n 1 39",0,56224028,56287563,"111106119",56224028,56287561,"XM_022440654.1","P11881","ITPR1_MOUSE",0,"inositol 1"
"131","NC_035787.1",56242011,56242011,-51.1975694262166,"+",5.07577925254444e-56,1.34718959206086e-52,56241986,56242024,27.6,"+","Target Motif:(CCA)n 1 39",0,56224028,56287563,"111106119",56224028,56287562,"XM_022440658.1","P11881","ITPR1_MOUSE",0,"inositol 1"
"132","NC_035787.1",56242011,56242011,-51.1975694262166,"+",5.07577925254444e-56,1.34718959206086e-52,56241986,56242024,27.6,"+","Target Motif:(CCA)n 1 39",0,56224028,56287563,"111106119",56224028,56287561,"XM_022440652.1","P11881","ITPR1_MOUSE",0,"inositol 1"
"133","NC_035787.1",56242011,56242011,-51.1975694262166,"+",5.07577925254444e-56,1.34718959206086e-52,56241986,56242024,27.6,"+","Target Motif:(CCA)n 1 39",0,56224028,56287563,"111106119",56224028,56287562,"XM_022440651.1","P11881","ITPR1_MOUSE",0,"inositol 1"
"134","NC_035787.1",56264363,56264363,63.0371297455152,"+",8.08610030400708e-11,1.96474915461429e-09,56241986,56242024,27.6,"+","Target Motif:(CCA)n 1 39",0,56224028,56287563,"111106119",56224028,56287562,"XM_022440651.1","P11881","ITPR1_MOUSE",0,"inositol 1"
"135","NC_035787.1",56242011,56242011,-51.1975694262166,"+",5.07577925254444e-56,1.34718959206086e-52,56241986,56242024,27.6,"+","Target Motif:(CCA)n 1 39",0,56224028,56287563,"111106119",56224028,56287561,"XM_022440655.1","P11881","ITPR1_MOUSE",0,"inositol 1"
"136","NC_035787.1",56264363,56264363,63.0371297455152,"+",8.08610030400708e-11,1.96474915461429e-09,56241986,56242024,27.6,"+","Target Motif:(CCA)n 1 39",0,56224028,56287563,"111106119",56224286,56287560,"XM_022440664.1","P11881","ITPR1_MOUSE",0,"inositol 1"
"137","NC_035787.1",56264363,56264363,63.0371297455152,"+",8.08610030400708e-11,1.96474915461429e-09,56241986,56242024,27.6,"+","Target Motif:(CCA)n 1 39",0,56224028,56287563,"111106119",56224028,56287562,"XM_022440653.1","P11881","ITPR1_MOUSE",0,"inositol 1"
"138","NC_035787.1",56242011,56242011,-51.1975694262166,"+",5.07577925254444e-56,1.34718959206086e-52,56241986,56242024,27.6,"+","Target Motif:(CCA)n 1 39",0,56224028,56287563,"111106119",56224028,56287562,"XM_022440653.1","P11881","ITPR1_MOUSE",0,"inositol 1"
"139","NC_035787.1",56264363,56264363,63.0371297455152,"+",8.08610030400708e-11,1.96474915461429e-09,56241986,56242024,27.6,"+","Target Motif:(CCA)n 1 39",0,56224028,56287563,"111106119",56224028,56287561,"XM_022440656.1","P11881","ITPR1_MOUSE",0,"inositol 1"
"140","NC_035787.1",56264363,56264363,63.0371297455152,"+",8.08610030400708e-11,1.96474915461429e-09,56241986,56242024,27.6,"+","Target Motif:(CCA)n 1 39",0,56224028,56287563,"111106119",56224028,56287560,"XM_022440665.1","P11881","ITPR1_MOUSE",0,"inositol 1"
"141","NC_035787.1",56242011,56242011,-51.1975694262166,"+",5.07577925254444e-56,1.34718959206086e-52,56241986,56242024,27.6,"+","Target Motif:(CCA)n 1 39",0,56224028,56287563,"111106119",56224028,56287561,"XM_022440660.1","P11881","ITPR1_MOUSE",0,"inositol 1"
"142","NC_035787.1",56264363,56264363,63.0371297455152,"+",8.08610030400708e-11,1.96474915461429e-09,56241986,56242024,27.6,"+","Target Motif:(CCA)n 1 39",0,56224028,56287563,"111106119",56224028,56287562,"XM_022440657.1","P11881","ITPR1_MOUSE",0,"inositol 1"
"143","NC_035787.1",56242011,56242011,-51.1975694262166,"+",5.07577925254444e-56,1.34718959206086e-52,56241986,56242024,27.6,"+","Target Motif:(CCA)n 1 39",0,56224028,56287563,"111106119",56224028,56287562,"XM_022440657.1","P11881","ITPR1_MOUSE",0,"inositol 1"
"144","NC_035787.1",56264363,56264363,63.0371297455152,"+",8.08610030400708e-11,1.96474915461429e-09,56241986,56242024,27.6,"+","Target Motif:(CCA)n 1 39",0,56224028,56287563,"111106119",56224028,56287562,"XM_022440658.1","P11881","ITPR1_MOUSE",0,"inositol 1"
"145","NC_035787.1",56264363,56264363,63.0371297455152,"+",8.08610030400708e-11,1.96474915461429e-09,56241986,56242024,27.6,"+","Target Motif:(CCA)n 1 39",0,56224028,56287563,"111106119",56224028,56287561,"XM_022440661.1","P11881","ITPR1_MOUSE",0,"inositol 1"
"146","NC_035787.1",56264363,56264363,63.0371297455152,"+",8.08610030400708e-11,1.96474915461429e-09,56241986,56242024,27.6,"+","Target Motif:(CCA)n 1 39",0,56224028,56287563,"111106119",56224028,56287561,"XM_022440652.1","P11881","ITPR1_MOUSE",0,"inositol 1"
"147","NC_035787.1",56242011,56242011,-51.1975694262166,"+",5.07577925254444e-56,1.34718959206086e-52,56241986,56242024,27.6,"+","Target Motif:(CCA)n 1 39",0,56224028,56287563,"111106119",56224286,56287560,"XM_022440664.1","P11881","ITPR1_MOUSE",0,"inositol 1"
"148","NC_035787.1",56264363,56264363,63.0371297455152,"+",8.08610030400708e-11,1.96474915461429e-09,56241986,56242024,27.6,"+","Target Motif:(CCA)n 1 39",0,56224028,56287563,"111106119",56224028,56287561,"XM_022440660.1","P11881","ITPR1_MOUSE",0,"inositol 1"
"149","NC_035787.1",60366843,60366843,-51.4767728525161,"+",3.87800141448104e-19,3.04540176193935e-17,60366838,60366898,14.8,"+","Target Motif:Helitron-27_CGi 5 65",0,60361992,60369635,"111108181",60361992,60369635,"XM_022443826.1","Q9NRM2","ZN277_HUMAN",2e-123,"zinc finger protein 277-like"
"150","NC_035787.1",60366843,60366843,-51.4767728525161,"+",3.87800141448104e-19,3.04540176193935e-17,60366838,60366898,14.8,"+","Target Motif:Helitron-27_CGi 5 65",0,60361992,60369635,"111108181",60361992,60369635,"XM_022443827.1","Q9NRM2","ZN277_HUMAN",3e-125,"zinc finger protein 277-like"
"151","NC_035787.1",60366843,60366843,-51.4767728525161,"+",3.87800141448104e-19,3.04540176193935e-17,60366838,60366898,14.8,"+","Target Motif:Helitron-27_CGi 5 65",0,60361992,60369635,"111108181",60361992,60369635,"XM_022443828.1","Q9NRM2","ZN277_HUMAN",5e-127,"zinc finger protein 277-like"
"152","NC_035787.1",61149802,61149802,-53.7004442209371,"+",4.40697494371766e-17,2.66544959831286e-15,61149705,61149804,26,"-","Target Motif:DNA2-22_CGi 1 103",0,61140288,61162853,"111108359",61140288,61162853,"XM_022444177.1","P09623","DLDH_PIG",0,"dihydrolipoyl dehydrogenase"
"153","NC_035787.1",63698647,63698647,55.8712121212121,"+",9.31291514262114e-35,4.17142362967063e-32,63698620,63698656,8.1,"+","Target Motif:hAT6-N4_NV 1 37",0,63696187,63708962,"111107341",63696187,63708962,"XM_022442503.1","Q9R0T8","IKKE_MOUSE",6e-92,"inhibitor of nuclear factor kappa-B kinase subunit epsilon-like"
"154","NC_035788.1",26653091,26653091,-67.2911787665886,"+",1.82050224617698e-16,1.0086560980572e-14,26653092,26653128,15.3,"+","Target Motif:A-rich 1 40",0,26647338,26672569,"111113269",26659104,26672569,"XM_022451384.1","Q9BVN2","RUSC1_HUMAN",0.016,"uncharacterized LOC111113269"
"155","NC_035788.1",26653091,26653091,-67.2911787665886,"+",1.82050224617698e-16,1.0086560980572e-14,26653092,26653128,15.3,"+","Target Motif:A-rich 1 40",0,26647338,26672569,"111113269",26647338,26672569,"XM_022451386.1","Q9BVN2","RUSC1_HUMAN",0.014,"uncharacterized LOC111113269"
"156","NC_035788.1",26653091,26653091,-67.2911787665886,"+",1.82050224617698e-16,1.0086560980572e-14,26653092,26653128,15.3,"+","Target Motif:A-rich 1 40",0,26647338,26672569,"111113269",26658998,26672569,"XM_022451387.1","Q9BVN2","RUSC1_HUMAN",3e-16,"uncharacterized LOC111113269"
"157","NC_035788.1",26653091,26653091,-67.2911787665886,"+",1.82050224617698e-16,1.0086560980572e-14,26653092,26653128,15.3,"+","Target Motif:A-rich 1 40",0,26647338,26672569,"111113269",26659104,26672569,"XM_022451384.1","Q9BVN2","RUSC1_HUMAN",4e-16,"uncharacterized LOC111113269"
"158","NC_035788.1",26653091,26653091,-67.2911787665886,"+",1.82050224617698e-16,1.0086560980572e-14,26653092,26653128,15.3,"+","Target Motif:A-rich 1 40",0,26647338,26672569,"111113269",26658998,26672569,"XM_022451387.1","Q9BVN2","RUSC1_HUMAN",0.014,"uncharacterized LOC111113269"
"159","NC_035788.1",26653091,26653091,-67.2911787665886,"+",1.82050224617698e-16,1.0086560980572e-14,26653092,26653128,15.3,"+","Target Motif:A-rich 1 40",0,26647338,26672569,"111113269",26647338,26672569,"XM_022451386.1","Q9BVN2","RUSC1_HUMAN",4e-16,"uncharacterized LOC111113269"
"160","NC_035788.1",56054093,56054093,-55.7312476441764,"+",4.09585574502887e-53,8.73398892921762e-50,56052681,56052796,21.9,"+","Target Motif:(TCTG)n 2 117",0,56049263,56055305,"111112583",56049263,56055305,"XM_022450118.1","A2A559","PGAP3_MOUSE",3e-85,"post-GPI attachment to proteins factor 3-like"
"161","NC_035788.1",56054102,56054102,-56.3592589957067,"+",2.11815895840137e-47,2.81095922528382e-44,56052681,56052796,21.9,"+","Target Motif:(TCTG)n 2 117",0,56049263,56055305,"111112583",56049263,56055305,"XM_022450118.1","A2A559","PGAP3_MOUSE",3e-85,"post-GPI attachment to proteins factor 3-like"
"162","NC_035788.1",56052704,56052704,-73.2383067999506,"+",2.27772397141553e-31,7.3801334275451e-29,56052681,56052796,21.9,"+","Target Motif:(TCTG)n 2 117",0,56049263,56055305,"111112583",56049263,56055305,"XM_022450118.1","A2A559","PGAP3_MOUSE",3e-85,"post-GPI attachment to proteins factor 3-like"
"163","NC_035788.1",56054536,56054536,-51.5209140445368,"+",8.50129998967409e-63,4.61085384628797e-59,56052681,56052796,21.9,"+","Target Motif:(TCTG)n 2 117",0,56049263,56055305,"111112583",56049263,56055305,"XM_022450118.1","A2A559","PGAP3_MOUSE",3e-85,"post-GPI attachment to proteins factor 3-like"
"164","NC_035788.1",56054093,56054093,-55.7312476441764,"+",4.09585574502887e-53,8.73398892921762e-50,56052660,56052777,21.4,"+","Target Motif:MINIME_DN 321 430",0,56049263,56055305,"111112583",56049263,56055305,"XM_022450118.1","A2A559","PGAP3_MOUSE",3e-85,"post-GPI attachment to proteins factor 3-like"
"165","NC_035788.1",56054102,56054102,-56.3592589957067,"+",2.11815895840137e-47,2.81095922528382e-44,56052660,56052777,21.4,"+","Target Motif:MINIME_DN 321 430",0,56049263,56055305,"111112583",56049263,56055305,"XM_022450118.1","A2A559","PGAP3_MOUSE",3e-85,"post-GPI attachment to proteins factor 3-like"
"166","NC_035788.1",56052704,56052704,-73.2383067999506,"+",2.27772397141553e-31,7.3801334275451e-29,56052660,56052777,21.4,"+","Target Motif:MINIME_DN 321 430",0,56049263,56055305,"111112583",56049263,56055305,"XM_022450118.1","A2A559","PGAP3_MOUSE",3e-85,"post-GPI attachment to proteins factor 3-like"
"167","NC_035788.1",56054536,56054536,-51.5209140445368,"+",8.50129998967409e-63,4.61085384628797e-59,56052660,56052777,21.4,"+","Target Motif:MINIME_DN 321 430",0,56049263,56055305,"111112583",56049263,56055305,"XM_022450118.1","A2A559","PGAP3_MOUSE",3e-85,"post-GPI attachment to proteins factor 3-like"
"168","NC_035788.1",71421196,71421196,-58.5780885780886,"+",3.3711103709067e-25,5.42969456747777e-23,71422060,71422268,18.8,"-","Target Motif:DNA2-12_CGi 1 221",0,71415422,71426642,"111115908",71415422,71426642,"XM_022454820.1","O83041","PIP_LEPBY",7e-131,"probable proline iminopeptidase"
"169","NC_035788.1",71421196,71421196,-58.5780885780886,"+",3.3711103709067e-25,5.42969456747777e-23,71422060,71422268,18.8,"-","Target Motif:DNA2-12_CGi 1 221",0,71415422,71426642,"111115908",71415422,71426642,"XM_022454821.1","O83041","PIP_LEPBY",9e-131,"probable proline iminopeptidase"
"170","NC_035788.1",71420686,71420686,-59.2174176513873,"+",1.35033151505659e-26,2.55610588224552e-24,71422060,71422268,18.8,"-","Target Motif:DNA2-12_CGi 1 221",0,71415422,71426642,"111115908",71415422,71426642,"XM_022454821.1","O83041","PIP_LEPBY",9e-131,"probable proline iminopeptidase"
"171","NC_035788.1",71422115,71422115,-64.4013880855986,"+",3.49263451131431e-28,7.95073024731292e-26,71422060,71422268,18.8,"-","Target Motif:DNA2-12_CGi 1 221",0,71415422,71426642,"111115908",71415422,71426642,"XM_022454821.1","O83041","PIP_LEPBY",9e-131,"probable proline iminopeptidase"
"172","NC_035788.1",71420686,71420686,-59.2174176513873,"+",1.35033151505659e-26,2.55610588224552e-24,71422060,71422268,18.8,"-","Target Motif:DNA2-12_CGi 1 221",0,71415422,71426642,"111115908",71415422,71426642,"XM_022454820.1","O83041","PIP_LEPBY",7e-131,"probable proline iminopeptidase"
"173","NC_035788.1",71422115,71422115,-64.4013880855986,"+",3.49263451131431e-28,7.95073024731292e-26,71422060,71422268,18.8,"-","Target Motif:DNA2-12_CGi 1 221",0,71415422,71426642,"111115908",71415422,71426642,"XM_022454820.1","O83041","PIP_LEPBY",7e-131,"probable proline iminopeptidase"
"174","NC_035788.1",90709052,90709052,-54.1808433859161,"+",3.54781217124556e-26,6.40945034079301e-24,90709039,90709098,25,"+","Target Motif:Nimb-17_DRe 2 62",0,90649392,90725240,"111111251",90649392,90725240,"XM_022448112.1","P79098","AMPN_BOVIN",0,"uncharacterized LOC111111251"
"175","NC_035789.1",1152813,1152813,-61.1128829920691,"+",3.20780994368121e-39,2.14562412582802e-36,1152414,1153154,28.2,"+","Target Motif:Gypsy-59_CGi-I 6318 7083",0,1136014,1175392,"111117750",1136014,1149405,"XM_022456980.1","O70277","TRIM3_RAT",0.009,"uncharacterized LOC111117750"
"176","NC_035789.1",1152813,1152813,-61.1128829920691,"+",3.20780994368121e-39,2.14562412582802e-36,1152414,1153154,28.2,"+","Target Motif:Gypsy-59_CGi-I 6318 7083",0,1136014,1175392,"111117750",1136014,1149405,"XM_022456980.1","O70277","TRIM3_RAT",1e-07,"uncharacterized LOC111117750"
"177","NC_035789.1",1152813,1152813,-61.1128829920691,"+",3.20780994368121e-39,2.14562412582802e-36,1152414,1153154,28.2,"+","Target Motif:Gypsy-59_CGi-I 6318 7083",0,1136014,1175392,"111117750",1136014,1175392,"XM_022456982.1","O70277","TRIM3_RAT",9e-08,"uncharacterized LOC111117750"
"178","NC_035789.1",1152813,1152813,-61.1128829920691,"+",3.20780994368121e-39,2.14562412582802e-36,1152414,1153154,28.2,"+","Target Motif:Gypsy-59_CGi-I 6318 7083",0,1136014,1175392,"111117750",1136014,1175392,"XM_022456981.1","O70277","TRIM3_RAT",0.007,"uncharacterized LOC111117750"
"179","NC_035789.1",1152813,1152813,-61.1128829920691,"+",3.20780994368121e-39,2.14562412582802e-36,1152414,1153154,28.2,"+","Target Motif:Gypsy-59_CGi-I 6318 7083",0,1136014,1175392,"111117750",1136014,1175392,"XM_022456981.1","O70277","TRIM3_RAT",9e-08,"uncharacterized LOC111117750"
"180","NC_035789.1",1152813,1152813,-61.1128829920691,"+",3.20780994368121e-39,2.14562412582802e-36,1152414,1153154,28.2,"+","Target Motif:Gypsy-59_CGi-I 6318 7083",0,1136014,1175392,"111117750",1136014,1175392,"XM_022456982.1","O70277","TRIM3_RAT",0.006,"uncharacterized LOC111117750"
"181","NC_035789.1",1152813,1152813,-61.1128829920691,"+",3.20780994368121e-39,2.14562412582802e-36,1152414,1153154,28.2,"+","Target Motif:Gypsy-59_CGi-I 6318 7083",0,1136014,1175392,"111117750",1136014,1175392,"XM_022456979.1","O70277","TRIM3_RAT",9e-08,"uncharacterized LOC111117750"
"182","NC_035789.1",1152813,1152813,-61.1128829920691,"+",3.20780994368121e-39,2.14562412582802e-36,1152414,1153154,28.2,"+","Target Motif:Gypsy-59_CGi-I 6318 7083",0,1136014,1175392,"111117750",1136014,1175392,"XM_022456979.1","O70277","TRIM3_RAT",0.007,"uncharacterized LOC111117750"
"183","NC_035789.1",1152813,1152813,-61.1128829920691,"+",3.20780994368121e-39,2.14562412582802e-36,1152414,1153154,28.2,"+","Target Motif:Gypsy-59_CGi-I 6318 7083",0,821514,1211632,"111117739",1161541,1211632,"XM_022456934.1","D2GXS7","TRIM2_AILME",0.43,"uncharacterized LOC111117739"
"184","NC_035789.1",1152813,1152813,-61.1128829920691,"+",3.20780994368121e-39,2.14562412582802e-36,1152414,1153154,28.2,"+","Target Motif:Gypsy-59_CGi-I 6318 7083",0,821514,1211632,"111117739",1203220,1211632,"XM_022456938.1","D2GXS7","TRIM2_AILME",2e-08,"uncharacterized LOC111117739"
"185","NC_035789.1",1152813,1152813,-61.1128829920691,"+",3.20780994368121e-39,2.14562412582802e-36,1152414,1153154,28.2,"+","Target Motif:Gypsy-59_CGi-I 6318 7083",0,821514,1211632,"111117739",1203213,1211632,"XM_022456942.1","D2GXS7","TRIM2_AILME",2e-08,"uncharacterized LOC111117739"
"186","NC_035789.1",1152813,1152813,-61.1128829920691,"+",3.20780994368121e-39,2.14562412582802e-36,1152414,1153154,28.2,"+","Target Motif:Gypsy-59_CGi-I 6318 7083",0,821514,1211632,"111117739",1161541,1211632,"XM_022456934.1","D2GXS7","TRIM2_AILME",2e-08,"uncharacterized LOC111117739"
"187","NC_035789.1",1152813,1152813,-61.1128829920691,"+",3.20780994368121e-39,2.14562412582802e-36,1152414,1153154,28.2,"+","Target Motif:Gypsy-59_CGi-I 6318 7083",0,821514,1211632,"111117739",1203220,1211632,"XM_022456938.1","D2GXS7","TRIM2_AILME",0.45,"uncharacterized LOC111117739"
"188","NC_035789.1",1152813,1152813,-61.1128829920691,"+",3.20780994368121e-39,2.14562412582802e-36,1152414,1153154,28.2,"+","Target Motif:Gypsy-59_CGi-I 6318 7083",0,821514,1211632,"111117739",821514,1211632,"XM_022456937.1","D2GXS7","TRIM2_AILME",2e-08,"uncharacterized LOC111117739"
"189","NC_035789.1",1152813,1152813,-61.1128829920691,"+",3.20780994368121e-39,2.14562412582802e-36,1152414,1153154,28.2,"+","Target Motif:Gypsy-59_CGi-I 6318 7083",0,821514,1211632,"111117739",1161541,1211632,"XM_022456936.1","D2GXS7","TRIM2_AILME",0.48,"uncharacterized LOC111117739"
"190","NC_035789.1",1152813,1152813,-61.1128829920691,"+",3.20780994368121e-39,2.14562412582802e-36,1152414,1153154,28.2,"+","Target Motif:Gypsy-59_CGi-I 6318 7083",0,821514,1211632,"111117739",1161541,1211632,"XM_022456936.1","D2GXS7","TRIM2_AILME",2e-08,"uncharacterized LOC111117739"
"191","NC_035789.1",1152813,1152813,-61.1128829920691,"+",3.20780994368121e-39,2.14562412582802e-36,1152414,1153154,28.2,"+","Target Motif:Gypsy-59_CGi-I 6318 7083",0,821514,1211632,"111117739",1161541,1211632,"XM_022456935.1","D2GXS7","TRIM2_AILME",0.48,"uncharacterized LOC111117739"
"192","NC_035789.1",1152813,1152813,-61.1128829920691,"+",3.20780994368121e-39,2.14562412582802e-36,1152414,1153154,28.2,"+","Target Motif:Gypsy-59_CGi-I 6318 7083",0,821514,1211632,"111117739",1161541,1211632,"XM_022456935.1","D2GXS7","TRIM2_AILME",2e-08,"uncharacterized LOC111117739"
"193","NC_035789.1",1152813,1152813,-61.1128829920691,"+",3.20780994368121e-39,2.14562412582802e-36,1152414,1153154,28.2,"+","Target Motif:Gypsy-59_CGi-I 6318 7083",0,821514,1211632,"111117739",1203213,1211632,"XM_022456939.1","D2GXS7","TRIM2_AILME",0.42,"uncharacterized LOC111117739"
"194","NC_035789.1",1152813,1152813,-61.1128829920691,"+",3.20780994368121e-39,2.14562412582802e-36,1152414,1153154,28.2,"+","Target Motif:Gypsy-59_CGi-I 6318 7083",0,821514,1211632,"111117739",1203213,1211632,"XM_022456939.1","D2GXS7","TRIM2_AILME",2e-08,"uncharacterized LOC111117739"
"195","NC_035789.1",1152813,1152813,-61.1128829920691,"+",3.20780994368121e-39,2.14562412582802e-36,1152414,1153154,28.2,"+","Target Motif:Gypsy-59_CGi-I 6318 7083",0,821514,1211632,"111117739",1203213,1211632,"XM_022456942.1","D2GXS7","TRIM2_AILME",0.42,"uncharacterized LOC111117739"
"196","NC_035789.1",1152813,1152813,-61.1128829920691,"+",3.20780994368121e-39,2.14562412582802e-36,1152414,1153154,28.2,"+","Target Motif:Gypsy-59_CGi-I 6318 7083",0,821514,1211632,"111117739",1162389,1211632,"XM_022456940.1","D2GXS7","TRIM2_AILME",0.5,"uncharacterized LOC111117739"
"197","NC_035789.1",1152813,1152813,-61.1128829920691,"+",3.20780994368121e-39,2.14562412582802e-36,1152414,1153154,28.2,"+","Target Motif:Gypsy-59_CGi-I 6318 7083",0,821514,1211632,"111117739",1162389,1211632,"XM_022456940.1","D2GXS7","TRIM2_AILME",2e-08,"uncharacterized LOC111117739"
"198","NC_035789.1",1152813,1152813,-61.1128829920691,"+",3.20780994368121e-39,2.14562412582802e-36,1152414,1153154,28.2,"+","Target Motif:Gypsy-59_CGi-I 6318 7083",0,821514,1211632,"111117739",1162389,1211632,"XM_022456941.1","D2GXS7","TRIM2_AILME",2e-08,"uncharacterized LOC111117739"
"199","NC_035789.1",1152813,1152813,-61.1128829920691,"+",3.20780994368121e-39,2.14562412582802e-36,1152414,1153154,28.2,"+","Target Motif:Gypsy-59_CGi-I 6318 7083",0,821514,1211632,"111117739",1162389,1211632,"XM_022456941.1","D2GXS7","TRIM2_AILME",0.43,"uncharacterized LOC111117739"
"200","NC_035789.1",1152813,1152813,-61.1128829920691,"+",3.20780994368121e-39,2.14562412582802e-36,1152414,1153154,28.2,"+","Target Motif:Gypsy-59_CGi-I 6318 7083",0,821514,1211632,"111117739",821514,1211632,"XM_022456937.1","D2GXS7","TRIM2_AILME",0.46,"uncharacterized LOC111117739"
"201",NA,NA,NA,NA,NA,NA,NA,45068785,45069090,15.4,"+","Target Motif:BivaMD-SINE1_CrVi 1 334",NA,NA,NA,NA,NA,NA,NA,NA,NA,NA,NA
"202",NA,NA,NA,NA,NA,NA,NA,14799855,14800171,15.8,"+","Target Motif:BivaMD-SINE1_CrVi 4 331",NA,NA,NA,NA,NA,NA,NA,NA,NA,NA,NA
"203",NA,NA,NA,NA,NA,NA,NA,25054173,25054315,24.4,"+","Target Motif:DNA-20_CGi 1 133",NA,NA,NA,NA,NA,NA,NA,NA,NA,NA,NA
"204",NA,NA,NA,NA,NA,NA,NA,6685308,6685646,15,"+","Target Motif:BivaMD-SINE1_CrVi 1 335",NA,NA,NA,NA,NA,NA,NA,NA,NA,NA,NA
"205",NA,NA,NA,NA,NA,NA,NA,26360651,26360944,17.5,"-","Target Motif:BivaMD-SINE1_CrVi 26 336",NA,NA,NA,NA,NA,NA,NA,NA,NA,NA,NA
"206",NA,NA,NA,NA,NA,NA,NA,42036886,42037208,14.6,"+","Target Motif:BivaMD-SINE1_CrVi 3 330",NA,NA,NA,NA,NA,NA,NA,NA,NA,NA,NA
"207",NA,NA,NA,NA,NA,NA,NA,36586613,36586945,26.5,"+","Target Motif:Helitron-N43_CGi 1 314",NA,NA,NA,NA,NA,NA,NA,NA,NA,NA,NA
"208",NA,NA,NA,NA,NA,NA,NA,17356686,17357018,11.4,"-","Target Motif:BivaMD-SINE1_CrVi 1 337",NA,NA,NA,NA,NA,NA,NA,NA,NA,NA,NA
"209",NA,NA,NA,NA,NA,NA,NA,58675249,58675337,19.1,"-","Target Motif:DNA3-12_CGi 290 378",NA,NA,NA,NA,NA,NA,NA,NA,NA,NA,NA
"210",NA,NA,NA,NA,NA,NA,NA,54150482,54151750,14.3,"+","Target Motif:CVA 1 1018",NA,NA,NA,NA,NA,NA,NA,NA,NA,NA,NA
"211",NA,NA,NA,NA,NA,NA,NA,58135699,58135837,22.4,"+","Target Motif:BivaMD-SINE1_CrVi 169 314",NA,NA,NA,NA,NA,NA,NA,NA,NA,NA,NA
"212",NA,NA,NA,NA,NA,NA,NA,29177336,29178341,16,"-","Target Motif:CVA 2 863",NA,NA,NA,NA,NA,NA,NA,NA,NA,NA,NA
"213",NA,NA,NA,NA,NA,NA,NA,32529104,32529184,24.4,"-","Target Motif:Helitron-N43_CGi 314 392",NA,NA,NA,NA,NA,NA,NA,NA,NA,NA,NA
"214",NA,NA,NA,NA,NA,NA,NA,47281064,47281118,22.2,"+","Target Motif:DNA9-6_CGi 744 797",NA,NA,NA,NA,NA,NA,NA,NA,NA,NA,NA
"215",NA,NA,NA,NA,NA,NA,NA,41484586,41484823,11.8,"+","Target Motif:BivaMD-SINE1_CrVi 61 337",NA,NA,NA,NA,NA,NA,NA,NA,NA,NA,NA
